"Name";"Total Passengers 2017"
"Aéroport Charles de Gaulle 1";4776964
"Aéroport Charles de Gaulle 2 TGV";7706482
"Aéroport Charles de Gaulle 2 TGV";3550395
"Abancourt";39852
"Abbaretz";35637
"Abbeville";734566
"Ébersviller";5546
"Ablon";1393215
"Achères Grand Cormier";221402
"Achères Ville";3142826
"Acheux - Franleu";104
"Achiet";96447
"Échirolles";428479
"Écommoy";112601
"Écouché";641
"Écouen - Ézanville";1922936
"Écouflant";209
"Écully la Demi-Lune";208973
"Agay";16892
"Agde";696289
"Agen";1113431
"Égletons";31970
"Égly";497006
"Agonac";1581
"Aguilcourt - Variscourt";7364
"Éguzon";6297
"Aigrefeuille Le Thou";14513
"Aiguebelette-le-Lac";3116
"Aiguebelle";77758
"Aigueperse";77216
"Aigues-Mortes";4821
"Aiguillon";96906
"Aillevillers";5593
"Ailly-sur-Noye";109751
"Ailly-sur-Somme";130656
"Aimargues";229
"Aime - La Plagne";104029
"Aiserey";25374
"Aix-en-Provence";2619162
"Aix-en-Provence TGV";3621983
"Aix-les-Bains le Revard";1305573
"Aixe-sur-Vienne";8523
"Alaï";35720
"Alès";458167
"Albens";99802
"Albert";471365
"Albertville";329431
"Albi";431441
"Albi Madeleine";55006
"Albias";11579
"Albigny - Neuville";245384
"Alençon";407641
"Alet-les-Bains";102
"Allée de la Tour Rendez-Vous";626401
"Allassac";16670
"Allenc";131
"Alleyras";805
"Alouette France";206966
"Éloyes";25105
"Altkirch";310519
"Amagne - Lucquy";47917
"Ambérieu-en-Bugey";1213910
"Ambazac";30588
"Amboise";559850
"Ambronay - Priay";6623
"Émerainville - Pontault-Combault";4757465
"Amiens";5323930
"Amifontaine";15485
"Amilly Ouerray";23907
"Amplepuis";317803
"Ancenis";962078
"Anché - Voulon";9726
"Anchamps";6235
"Ancy-sur-Moselle";49942
"Andelot";3009
"Andrésy";627048
"Andrézieux";22999
"Angers Maître École";12707
"Angers Saint-Laud";5392168
"Angerville";214545
"Angoulême";1598700
"Angoulins sur Mer";16213
"Anizy - Pinon";83867
"Annappes";809
"Annecy";2345527
"Annemasse";775895
"Anor";20942
"Anse";397238
"Anstaing";0
"Anthéor Cap Roux";3735
"Antibes";3242226
"Anvin";12145
"Anzeling";744
"Apach";1105
"Épône - Mézières";1226027
"Épanvilliers";590
"Épernay";759696
"Épernon";1456200
"Épierre - Saint-Léger";32609
"Épinal";1092358
"Épinay-sur-Orge";2721685
"Épinay-sur-Seine";2225313
"Épinay-sur-Seine";1814400
"Épinay-Villetaneuse";1927800
"Épinay-Villetaneuse";9559672
"Épluches";72511
"Épouville";1808
"Appilly";6955
"Éragny - Neuville";703913
"Arbanats";40409
"Arbois";50124
"Arc-et-Senans";49748
"Arcachon";910159
"Arches";53799
"Arcy-sur-Cure";2408
"Arenc Euroméditerranée";19774
"Arengosse";5917
"Argelès-sur-Mer";126169
"Argentan";275655
"Argenteuil";14175228
"Argentière";13124
"Argenton-sur-Creuse";134010
"Arles";918491
"Arleux";45710
"Armentières";826389
"Arnage";17688
"Arnèke";126366
"Arpajon";1641882
"Arras";4242314
"Arrou";7322
"Ars-sur-Moselle";113392
"Artenay";62849
"Artix";40926
"Arvant";37662
"Ascq";17564
"Asnières-sur-Seine";13622521
"Aspres-sur-Buëch";25904
"Assat";168
"Assier";9894
"Étain";71920
"Étainhus - Saint-Romain";53958
"Étalans";48453
"Étampes";2834515
"Étang";70185
"Étaples - Le Touquet";375797
"Athis-Mons";1630900
"Étigny - Véron";6284
"Étival-Clairefontaine";58471
"Étréchy";729104
"Étriché - Châteauneuf";57632
"Aubagne";1436932
"Aubazines - Saint-Hilaire";8054
"Aubergenville Élisabethville";1614731
"Aubiat";6420
"Aubie - Saint-Antoine";25564
"Aubiet";9714
"Aubigné-Racan";15823
"Aubigny-au-Bac";47930
"Aubigny-en-Artois";58250
"Aubin";5790
"Aubin-Saint-Vaast";2
"Auboué";2186
"Aubrives";9765
"Aubusson";6338
"Auch";236848
"Auchy-lès-Hesdin";5038
"Audrieu";16234
"Audruicq";244584
"Audun-le-Roman";6640
"Auffay";188626
"Augy Vaux";0
"Aulnat Aéroport";10477
"Aulnay-sous-Bois";21458619
"Aulnoye-Aymeries";582687
"Aumale";2294
"Aumont-Aubrac";7747
"Auneau";31768
"Auray";777642
"Aurec";51336
"Aurillac";151785
"Auterive";396184
"Autun";63794
"Auvers-sur-Oise";108655
"Auxerre Saint-Gervais";425745
"Auxonne";284474
"Avallon";41401
"Avenay";15906
"Avenue du Président Kennedy Maison de Radio France";1706400
"Avenue Foch";1171800
"Avenue Henri Martin";815400
"Avesnelles";5569
"Avesnes";165542
"Évian-les-Bains";184918
"Avignon Centre";4096693
"Avignon TGV";3466288
"Avignon TGV";0
"Avignonet";26703
"Avion";82993
"Avord";28895
"Avoudrey";17198
"Avranches";24300
"Avrechy";6885
"Évreux Normandie";1151040
"Évron";192084
"Évry";939975
"Évry - Courcouronnes";9586799
"Ax-les-Thermes";83966
"Ay";67274
"Aytré Plage";11791
"Azay-le-Rideau";71634
"Azay-sur-Cher";13521
"Èze";133632
"Azerailles";11676
"Béard";609
"Bécon les Bruyères";11349598
"Bédarieux";17092
"Bédarrides";73570
"Bénesse-Maremne";8095
"Bénestroff";8829
"Béning";123281
"Bétaille";7
"Béthune";1835998
"Béziers";1406529
"Babinière";114818
"Baccarat";129469
"Bagnac";4726
"Bagneaux-sur-Loing";97824
"Bagnols - Chadenet";600
"Baillargues";174532
"Bailleau-le-pin";74397
"Bailleul";998263
"Bailleul-Sir-Berthoult";951
"Bains-les-Bains";3047
"Bainville-sur-Madon";563
"Baisieux";53087
"Balagny Saint-Épin";11830
"Balbigny";96797
"Ballan";36095
"Ballancourt";513185
"Balsièges Bourg";1
"Banassac - La Canourgue";4044
"Bandol";466261
"Bannalec";22687
"Bantzenheim";9423
"Banyuls-sur-Mer";80137
"Bar-le-Duc";398993
"Bar-sur-Aube";83372
"Baraqueville Carcenac Peyralès";6139
"Barentin";238616
"Barenton-Bugny";11174
"Barjac";22
"Baroncourt";9214
"Barr";298280
"Barsac";20845
"Barsanges";0
"Bartenheim";145838
"Bas - Monistrol";65733
"Bas Évette";6267
"Base Aérienne";0
"Basse-Ham";642
"Bassens";18449
"Batz-sur-Mer";11673
"Baule";12134
"Baume-les-Dames";170964
"Bauvin - Provin";180077
"Bègles";24939
"Bayard";1296
"Bayeux";547246
"Bayon";140908
"Bayonne";851330
"Bazancourt";186023
"Baziège";68304
"Bazoches";8864
"Beau Marais";3080
"Beaucaire";9381
"Beaugency";342195
"Beaulieu-sur-Mer";601733
"Beaumont-le-Roger";13989
"Beaune";938799
"Beaurainville";13334
"Beautiran";220690
"Beauvais";1388019
"Beauvoir-sur-Niort";24539
"Beauvoisin";585
"Bedous";16453
"Beillant";200
"Belfort";1111371
"Belfort - Montbéliard TGV";784646
"Bellac";34344
"Belle-Isle - Bégard";2129
"Bellegarde";1006192
"Bellenaves";6744
"Belleville";28305
"Belleville sur Sâone";866993
"Belleville-sur-Vie";67905
"Bellevue";1260583
"Bellignat";7183
"Belloy - Saint-Martin";178210
"Belvès";9336
"Belvezet";609
"Belz - Ploemel";450
"Bena Fanes";3
"Benfeld";486710
"Bengy";13874
"Bergerac";296678
"Bergues";181642
"Berlaimont";18550
"Bernay";482355
"Berre";0
"Bersac";5126
"Berthelming";20076
"Bertrichamps";3521
"Bertry";5685
"Besançon Franche-Comté TGV";513278
"Besançon Mouillère";92062
"Besançon Viotte";2063530
"Beslé";22414
"Bessancourt";665023
"Bessay";11083
"Betton";60525
"Beuvrages";2968
"Beuvry lès Béthune";13700
"Beynes";141174
"Beynost";202055
"Biache-Saint-Vaast";64216
"Biarritz";498863
"Bièvres";469856
"Bibliothèque François Mitterrand";26973000
"Bidarray Pont Noblia";1599
"Bidos";5771
"Biffontaine";2871
"Biganos Facture";851347
"Bigny";1996
"Billy-Montigny";221813
"Biot";298002
"Bischheim";45637
"Bischoffsheim";122726
"Bischwiller";578002
"Bitche";19587
"Bitschwiller";35640
"Bléré la Croix";139070
"Blainville - Damelevières";264074
"Blaisy-Bas";43707
"Blangy-sur-Bresle";28545
"Blangy-sur-Ternoise";535
"Blanquefort";103641
"Blanzy";6130
"Blois - Chambord";1570835
"Blonville-sur-Mer - Benerville";2020
"Boën";13859
"Bogny-sur-Meuse";68920
"Bohain";171113
"Boigneville";54253
"Bois-Colombes";5757271
"Bois-d'Oingt - Légny";25199
"Bois-le-Roi";1126423
"Boisleux";894
"Boisseaux";6415
"Boisset";81
"Boissise-le-Roi";124207
"Boissy-l'Aillerie";256351
"Bolbec - Nointot";7400
"Bollène la Croisière";262335
"Bollwiller";260967
"Bologne";2660
"Bolquère - Eyne";1377
"Bondy";11729340
"Bonnemain";7396
"Bonneval";37539
"Bonneville";236974
"Bonnières";821725
"Bons-en-Chablais";120008
"Bonson";59065
"Boran-sur-Oise";13732
"Bordeaux Saint-Jean";13594434
"Bords";7084
"Bornel - Belle-Église";305829
"Bouaye";25177
"Boucau";6092
"Bouchain";36652
"Boucoiran";1223
"Bouffémont - Moisselles";1000002
"Bougival";842545
"Boulainvilliers";3456000
"Boulogne";847452
"Boulogne Tintelleries";306709
"Boulouris sur Mer";20386
"Bouray";1528385
"Bourbourg";15584
"Bourg-Bruche";8579
"Bourg-en-Bresse";1766986
"Bourg-Lastic - Messeix";61
"Bourg-Madame";4870
"Bourg-Saint-Maurice";319216
"Bourges";898520
"Bourgneuf-en-Retz";15537
"Bourgoin-Jallieu";1836850
"Bourgtheroulde - Thuit-Hébert";1717
"Bournezeau";573
"Bourron-Marlotte - Grez";109035
"Bourth";82
"Boussay - La Bruffière";18605
"Boussens";187423
"Boussy-Saint-Antoine";3396858
"Bouthéon";37248
"Boutigny";199883
"Bouvines";0
"Bouy";1262
"Bouzonville";28274
"Boves";14176
"Bréauté - Beuzeville";478149
"Brélidy - Plouec";1748
"Brétigny";6523930
"Bréval";701346
"Bram";67104
"Brandérion";2015
"Brassac-les-Mines - Sainte-Florine";111476
"Brax - Léguevin";227270
"Brazey-en-Plaine";43808
"Brebières Sud";81105
"Breil-sur-Roya";100788
"Breitenbach";28724
"Bressuire";26462
"Brest";1704897
"Breteil";80856
"Bretenoux - Biars";16363
"Breteuil";36644
"Bretigny - Norges";8340
"Bretoncelles";20929
"Bretteville - Norrey";22059
"Breuil - Romain";13837
"Breuillet - Bruyères-le-Châtel";513384
"Breuillet Village";642623
"Briançon";312239
"Briare";48161
"Brignac";251
"Brignais";272463
"Brignoud";259857
"Brimeux";451
"Brion - Laizy";4415
"Brion - Montréal-la-Cluse";31333
"Brionne";10346
"Brioude";90787
"Briouze";27835
"Brive-la-Gaillarde";748463
"Broons";24003
"Brou";75835
"Broye";7856
"Bruges";29202
"Brumath";565886
"Brunémont";3335
"Brunoy";4277257
"Bruyères";68351
"Bruyères-sur-Oise";112697
"Bruz";119992
"Bueil";133061
"Bugeat";5810
"Buire-sur-l'Ancre";3036
"Bully - Grenay";197996
"Buno - Gironville";64847
"Busigny";51611
"Bussac";3469
"Busseau sur Creuse";1207
"Bussière-Galant";19069
"Buzy en Béarn";7884
"Byans";8714
"Cérons";233452
"Cadaujac";42934
"Caen";3047243
"Caffiers";3274
"Cagnes-sur-Mer";1839271
"Cahors";350237
"Calais - Fréthun";679369
"Calais Ville";974402
"Callac";24032
"Calonne-Ricouart";65518
"Cambo-les-Bains";5749
"Cambrai";686246
"Campagnac - Saint-Geniez";915
"Campagne-sur-Aude";26
"Cannes";4858680
"Cannes La Bocca";527994
"Cantin";45482
"Cap-d'Ail";102575
"Capdenac";74734
"Capvern";6733
"Carantilly - Marigny";1948
"Carbonne";275969
"Carcassonne";831222
"Carentan";204082
"Carhaix";59720
"Carignan";24358
"Carmaux";95720
"Carnoët - Locarn";3273
"Carnoles";782554
"Carnoules";188162
"Carpentras";817506
"Carry-le-Rouet";130430
"Casino Lacroix Laval";21499
"Cassel";117239
"Cassis";335715
"Castelnau-d'Estrétefonds";235037
"Castelnaudary";307681
"Castelsarrasin";82535
"Castillon";148957
"Castres";179532
"Cattenières";8
"Caudéran Mérignac";60106
"Caudrot";5031
"Caudry";115439
"Caulnes";36449
"Caussade";102390
"Cavaillon";501845
"Cavignac";39043
"Cazères";171036
"Ceilhes - Roqueredonde";5293
"Ceintrey";3022
"Cenon";24057
"Cerbère";55671
"Cercottes";31548
"Cercy-la-Tour";33388
"Cergy le Haut";6193924
"Cergy Préfecture";11076302
"Cergy Saint-Christophe";5410839
"Cerizay";314
"Cernay";391721
"Cernay";2970474
"Cessieu";26629
"Cesson";2258199
"Cesson-Sévigné";117980
"Ceyzériat";4694
"Chépy - Valines";6434
"Chézy-sur-Marne";21077
"Chabanais";7180
"Châbons";53308
"Chabenet";114
"Châlons-en-Champagne";807041
"Chabris";19859
"Château-Arnoux-Saint-Auban";84916
"Château-du-Loir";167538
"Château-Gaillard";4982
"Château-l'Évêque";1091
"Château-Renault";57880
"Château-Thierry";730901
"Châteaubourg";419128
"Châteaubriant";27757
"Châteaubriant Tram Train";105329
"Châteaudun";95545
"Châteaulin";15525
"Châteauneuf - Bujaleuf";2274
"Châteauneuf-sur-Charente";51173
"Châteauneuf-sur-Cher";11787
"Châteauroux";765689
"Châtel - Nomexy";115415
"Châtel-Censoir";3510
"Châtelaillon";87498
"Châtelaudren - Plouagat";11000
"Châtelet-les-Halles";27010800
"Châtellerault";514801
"Châtillon d'Azergues";17707
"Chagny";366296
"Chailly Boissy le Châtel";10800
"Chaingy Fourneaux Plage";11992
"Chalais";16049
"Challans";155703
"Chalon-sur-Saône";1349824
"Chalonnes";202154
"Chamalières-sur-Loire";1245
"Chamarande";183606
"Chambéry - Challes-les-Eaux";3516378
"Chambly";716086
"Chamborigaud";5131
"Chambourg";14048
"Chamelet";8452
"Chamonix Aiguille du Midi";3863
"Chamonix-Mont-Blanc";142120
"Chamousset";32482
"Champ de Courses d'Enghien";1863941
"Champ de Mars Tour Eiffel";8672400
"Champagné";26741
"Champagne-Ardenne TGV";786579
"Champagne-sur-Oise";319014
"Champagne-sur-Seine";492017
"Champagney";46863
"Champagnole";33964
"Champagnole Paul-Émile Victor";4248
"Champbenoist Poigny";178320
"Champigneulles";9339
"Champigny";58960
"Champs - Saint-Bris";3168
"Champtocé-sur-Loire";32870
"Chanac";611
"Changis - Saint-Jean";318866
"Chanteloup-les-Vignes";758045
"Chantenay";30325
"Chantenay-Saint-Imbert";7940
"Chantilly - Gouvieux";2459005
"Chantonnay";15531
"Chapeauroux";499
"Chaponost";77448
"Chaponval";48665
"Charbonnières-les-Bains";253009
"Charleville-Mézières";1058124
"Charmes";284378
"Chars";606566
"Chartres";2625491
"Chartrettes";48655
"Chasse-sur-Rhône";160472
"Chasseneuil-du-Poitou";10107
"Chasseneuil-sur-Bonnieure";28700
"Chasseradès";619
"Chauffailles";19260
"Chauffry";10800
"Chaugey";15049
"Chaulnes";92288
"Chaumont";380065
"Chaumont-en-Vexin";165426
"Chauny";516457
"Chaville - Vélizy";1648756
"Chaville Rive Droite";2101459
"Chaville Rive Gauche";1208554
"Chèvremont";467
"Chazay - Marcilly";17383
"Chedde";22641
"Cheilly-lès-Maranges";6453
"Chelles - Gournay";9830837
"Chemillé";171315
"Chemilly - Appoigny";1911
"Chemin d'Antony";394209
"Chenevières";3028
"Chenonceaux";48699
"Cherbourg";574064
"Chessy";20848
"Chevaigné";43305
"Chevillon";1192
"Chevilly";33051
"Chevrières";27857
"Chilly-Mazarin";1031953
"Chindrieux";20739
"Chinon";125607
"Chirac";24
"Chissay-en-Touraine";7710
"Chocques";5183
"Choisy-le-Roi";12895576
"Cholet";540184
"Chorges";76972
"Chouzy";8329
"Cinq-Mars-la-Pile";98329
"Cintegabelle";104089
"Cires-lès-Mello";98674
"Ciry-le-Noble";2695
"Civrieux-d'Azergues";8588
"Cize - Bolozon";586
"Clacy - Mons";119
"Clamart";3115297
"Clamecy";24516
"Clères";130567
"Clelles - Mens";25576
"Clermont de l'Oise";972353
"Clermont la Pardieu";306533
"Clermont la Rotonde";13208
"Clermont-en-Argonne";378
"Clermont-Ferrand";3593213
"Clerval";56308
"Clichy - Levallois";11595956
"Clion sur Seugne";11
"Clisson";841929
"Cloyes";11572
"Cluses";463496
"Coarraze - Nay";31704
"Coat Guégan";2851
"Cobrieux";1
"Cognac";150863
"Coignières";535070
"Collioure";97295
"Collonges";25943
"Collonges - Fontaines";68477
"Colmar";3871236
"Colmar Mésanges";3439
"Colmar Saint-Joseph";87333
"Colombes";5327109
"Colombier-Fontaine";14045
"Colomiers";310508
"Colomiers Lycée International";233154
"Colroy - Lubine";140
"Combourg";267922
"Combs-la-Ville - Quincy";4228505
"Comines";2348
"Commentry";149466
"Commercy";175666
"Compans";44284
"Compiègne";2273837
"Conches";104134
"Condé-sur-Huisne";13529
"Condat - Le Lardin";33229
"Conflans - Jarny";116465
"Conflans Fin d'Oise";5216599
"Conflans-Sainte-Honorine";4439639
"Conlie";65233
"Connerré - Beillé";167768
"Contrexéville";30912
"Corbehem";31271
"Corbeil-Essonnes";6697244
"Corbie";350040
"Corbigny";5084
"Corcieux Vanémont";2809
"Corcy";7
"Cordemais";29011
"Cordes - Vindrac";9468
"Corgoloin";13228
"Cormeilles-en-Parisis";3662362
"Cormery";109419
"Cornil";4309
"Coron de Méricourt";35417
"Corps-Nuds";6701
"Corrèze";4737
"Corseul - Languenan";2153
"Cosne-sur-Loire";178040
"Couëron";37463
"Coucy-lès-Eppes";7048
"Coudekerque-Branche";7764
"Couffoulens - Leuc";254
"Couilly - Saint-Germain - Quincy";102600
"Couiza - Montazels";622
"Coulanges-sur-Yonne";2507
"Couliboeuf";1002
"Coulommiers";934828
"Courbevoie";3668948
"Courcay - Tauxigny";8599
"Courcelles-le-Comte";395
"Courcelles-sur-Nied";25377
"Courcy - Brimont";18842
"Coursan";2550
"Courtalain - Saint-Pellerin";4104
"Courthézon";99267
"Courville-sur-Eure";296905
"Cousance";5631
"Coussac-Bonneval";866
"Coutances";143164
"Coutras";347115
"Couze";1010
"Couzon-au-Mont-d'Or";36114
"Crécy-la-Chapelle";162009
"Crépieux la Pape";7129
"Crépy - Couvron";1737
"Crépy-en-Valois";1047666
"Créteil Pompadour";5978329
"Cramoisy";3834
"Cransac";3593
"Cravant - Bazarnes";8410
"Crêches-sur-Saône";25704
"Creil";4422025
"Crest";59558
"Creutzwald";3429
"Crissé";2685
"Croix - Wasquehal";6877
"Croix du Prince";3974
"Croix l'Allumette";1669
"Croix Sainte";11052
"Cros de Cagnes";211333
"Crouy";327
"Crouy-sur-Ourcq";175698
"Cubzac-les-Ponts";6706
"Cuers - Pierrefeu";138559
"Cugand";11185
"Cuinchy";47564
"Culmont - Chalindrey";64281
"Culoz";223307
"Cysoing";29
"Dégagnac";308
"Dachstein";80152
"Dambach-la-Ville";33397
"Damblain";601
"Damiatte - Saint-Paul";21096
"Dammartin - Juilly - Saint-Mard";2067591
"Dangé-Saint-Romain";11266
"Danjoutin";0
"Dannemarie";100713
"Dannemarie - Velesmes";25441
"Dannes - Camiers";11728
"Daours";28859
"Dardilly le Jubin";42796
"Dardilly les Mouilles";19482
"Darsac";6032
"Dax";845684
"Deûlémont";390
"Decize";94364
"Delle";0
"Deluz";1192
"Denain";31603
"Dercy - Froidmont";13503
"Dettwiller";141696
"Deuil - Montmagny";2900177
"Deville";24211
"Diarville";1745
"Die";54384
"Diemeringen";109666
"Dieppe";504926
"Dieulouard";111939
"Dieupentale";104321
"Digoin";19232
"Dijon";5756076
"Dijon Porte Neuve";146579
"Dinan";82779
"Dingé";9641
"Dirinon";1247
"Dissay";26942
"Distroff";23789
"Dives - Cabourg";26717
"Dives-sur-Mer Port Guillaume";2977
"Docelles - Cheniménil";5496
"Dol-de-Bretagne";376776
"Dole";823295
"Dombasle-sur-Meurthe";291547
"Domblans - Voiteur";41499
"Domfront";13090
"Dommartin - Lissieu";9114
"Dommartin - Remiencourt";8963
"Domont";2596423
"Dompierre";3163
"Dompierre Sept Fons";17523
"Don - Sainghin";236344
"Donchery";25801
"Donges";8316
"Donjeux";6275
"Donzère";23802
"Dordives";7001
"Dorlisheim";107811
"Dormans";110300
"Douai";2932097
"Dourdan";851584
"Dourdan la Forêt";383403
"Dourges";254573
"Douzillac";515
"Drancy";6790729
"Drap - Cantaron";86199
"Drefféac";3504
"Dreuil-lès-Amiens";10017
"Dreux";657054
"Drusenheim";112821
"Druye";17106
"Dugny - La Courneuve";469800
"Dunkerque";1753847
"Duppigheim";114495
"Durtol - Nohanent";590
"Duttlenheim";163738
"Ebblinghem";24707
"Ebersheim";13195
"Ecole-Valentin";6384
"Eichhoffen";14472
"Einvaux";5343
"Elbeuf - Saint-Aubin";206854
"Elne";78347
"Embrun";368346
"Enchenberg";10567
"Enghien-les-Bains";7120172
"Ennevelin";471
"Entraigues-sur-la-Sorgue";211498
"Entzheim Aéroport";348030
"Epannes";0
"Epfig";24352
"Erdre-Active";31751
"Ermont - Eaubonne";20221250
"Ermont - Eaubonne";399
"Ermont Halte";934261
"Err";341
"Erstein";525486
"Esbly";2085140
"Escalquens";64307
"Escaudoeuvres";160
"Esches";44621
"Espéraza";439
"Esquelbecq";122080
"Essonnes Robinson";313213
"Estavar";95
"Estrées-Saint-Denis";45434
"Estressin";82696
"Esvres sur Indre";24784
"Eu";31080
"Eurville";694
"Exideuil";79
"Eygurande - Merlines";1308
"Eymoutiers Vassivière";39625
"Fécamp";134099
"Fépin";5477
"Farébersviller";3296
"Farbus";1824
"Faremoutiers - Pommeuse";253930
"Farschviller";21467
"Faubourg d'Orléans";120806
"Faulquemont";191184
"Fère-en-Tardenois";4761
"Fegersheim - Lipsheim";141073
"Fellering";26713
"Felletin";3982
"Fenouillet - Saint-Alban";42
"Ferrières - Fontenay";4636
"Feuquerolles";397
"Feuquières - Broquiers";17335
"Feuquières - Fressenneville";15589
"Feurs";188571
"Feyzin";124080
"Figeac";158156
"Firminy";271059
"Fismes";204885
"Flavy-le-Martel";12315
"Flaxlanden";11297
"Flers";126436
"Fleurieux-sur-l'Arbresle";115640
"Fleurville - Pont-de-Vaux";16709
"Flez-Cuzy - Tannay";988
"Foëcy";25934
"Foix";227199
"Folligny";8064
"Fons - Saint-Mamert";18184
"Font-Romeu-Odeillo-Via";52879
"Fontaine-le-Port";48853
"Fontainebleau - Avon";3682622
"Fontaines - Mercurey";38078
"Fontaines-d'Ozillac";82
"Fontan - Saorge";9864
"Fontenay-le-Fleury";1365903
"Fontenoy-sur-Moselle";2502
"Fontpédrouse Saint-Thomas les Bains";3008
"Forbach";366809
"Formerie";7501
"Fors";32571
"Fos-sur-Mer";23296
"Foucart - Alvimare";7967
"Fouday";12098
"Foug";9859
"Fougeré";1590
"Fougeray - Langon";9697
"Fouilloy";1277
"Fouquereuil";1065
"Fourchambault";17428
"Fourmies";188864
"Fréjus";376054
"Fréjus - Saint-Raphael Autotrain";51
"Frénouville - Cagny";15249
"Frépillon";340244
"Fréteval - Morée";3629
"Frévin-Capelle";7935
"Fraisses - Unieux";149
"Franchet d'Esperey";46449
"Francheville";73019
"Franconville - Le Plessis-Bouchard";5633213
"Franois";28289
"Frasne";147726
"Freinville Sevran";988201
"Freistroff";2171
"Fresnoy-le-Grand";23812
"Fretin";95223
"Fromental";410
"Froncles";34596
"Frontenex";30272
"Frontignan";338948
"Fronville";287
"Frouard";45300
"Frynaudour";165
"Fumay";90981
"Futuroscope";170247
"Générac";432
"Génelard";10539
"Génolhac";28859
"Gadagne";28294
"Gagny";4784504
"Gaillac";239410
"Gaillon - Aubevoye";534098
"Gallargues";6154
"Gallieni Cancéropôle";61229
"Galuzot";2353
"Gambsheim";180798
"Gan";2428
"Gandrange - Amnéville";3582
"Gannat";91936
"Gannes";2268
"Gap";762710
"Garancières - La Queue";308198
"Garches - Marnes-la-Coquette";1625853
"Garchizy";17
"Gardanne";1063728
"Gardonne";43942
"Gare routière de Digne les Bains";16354
"Gare routière de La-Voulte-sur-Rhône";1028
"Gargan";2732407
"Gargenville";309794
"Garges - Sarcelles";14812515
"Gauriaguet";31980
"Gazeran";2261838
"Gazinet Cestas";313597
"Geispolsheim";69622
"Gemeaux";22008
"Genech";248
"Genlis";239359
"Gennevilliers";2084989
"Germaine";19527
"Gertwiller";25665
"Gerzat";28305
"Gestel";6297
"Gevrey-Chambertin";99127
"Gièvres";50017
"Gien";122599
"Gignac - Cressensac";859
"Gilley";16797
"Gilly-sur-Loire";4186
"Gimont Cahuzac";56400
"Gironde";2468
"Gisors";416841
"Givet";89892
"Givors";882916
"Givors Canal";43162
"Glos - Montfort";772
"Golfe Juan Vallauris";500106
"Golfech";565
"Goncelin";347835
"Gonfaron";47523
"Gorges";101517
"Gourdon";97642
"Gourland";1077
"Gournay - Ferrières";13090
"Goussainville";4490778
"Goxwiller";33214
"Grésy-sur-Aix";65581
"Grésy-sur-Isère";14507
"Graffenstaden";28912
"Graffenwald";74564
"Gragnague";13242
"Gramat";14967
"Grand Bourg";415847
"Grand-Combe la Pise";24844
"Grande-Synthe";7128
"Grandvillars";0
"Grandvilliers";51799
"Granville";214622
"Grasse";433476
"Gravelines";27182
"Gravigny Balizy";529243
"Grenoble";7598913
"Grenoble Universités - Gières";669313
"Gresswiller";155246
"Gretz-Armainvilliers";874834
"Grigny Centre";5367921
"Grigny le Sablon";71346
"Grisolles";94720
"Groisy - Thorens - La Caille";77444
"Gros Noyer Saint-Prix";1625840
"Groslay";1496820
"Guérard - La Celle-sur-Morin";70212
"Guéret";86991
"Guéthary";21329
"Gudmont";2071
"Guichen - Bourg-des-Comptes";131226
"Guignicourt";137618
"Guillerval";369
"Guillerval Centre";21600
"Guimiliau";3890
"Guingamp";542923
"Gujan-Mestras";386837
"Gundershoffen";64761
"Gunsbach - Griesbach";23058
"Héming";139
"Hénin-Beaumont";525351
"Héricourt";142340
"Héricy";54020
"Habsheim";228013
"Hachette";5
"Hagondange";1070785
"Haguenau";1656723
"Halsou - Larressore";28
"Halte de Fontanil – Lycée de Drap";245329
"Haluchère Batignolles";92614
"Ham";129264
"Ham-en-Artois";3193
"Hangest-sur-Somme";39105
"Harfleur";4577
"Harfleur Halte";4857
"Hargarten-Falck";588
"Hargicourt - Pierrepont";17001
"Hasenrain";566
"Hatrize";1279
"Haubourdin";71486
"Haussmann Saint-Lazare";44647200
"Hautmont";79179
"Hayange";9869
"Haybes";30012
"Hazebrouck";1680029
"Heiligenberg - Mollkirch";25236
"Heilles - Mouchy";4159
"Heilly";4278
"Hellemmes";2675
"Hendaye";358245
"Hennebont";108597
"Herbitzheim";56582
"Herblay";3220654
"Herchies";7492
"Hermes - Berthecourt";96642
"Herny";10210
"Herrlisheim";155458
"Herrlisheim-près-Colmar";56493
"Hesdigneul";27056
"Hesdin";36146
"Hettange-Grande";532945
"Hirson";106909
"Hirson Écoles";51563
"Hochfelden";218004
"Hoelschloch";18232
"Hoenheim Tram";72582
"Hoerdt";198375
"Hoffen";6809
"Holtzheim";3
"Homécourt";31139
"Hombourg-Budange";507
"Hombourg-Haut";9174
"Houdan";1378299
"Houdemont";5519
"Houilles - Carrières-sur-Seine";12474770
"Houlgate";14579
"Hundling";34555
"Hunspach";2165
"Huriel";111
"Hyères";725240
"Hymont - Mattaincourt";695
"Igney";8477
"Igney - Avricourt";21906
"Igny";465232
"Ille-sur-Têt";2075
"Illfurth";61431
"Illiers-Combray";148314
"Imphy";41013
"Ingersheim Cité Scolaire";26196
"Ingrandes sur Loire";62185
"Ingrandes sur Vienne";4789
"Ingwiller";229620
"Invalides";10276201
"Irigny";0
"Is-sur-Tille";174914
"Isbergues";180383
"Isles - Armentières - Congis";91921
"Issé";24812
"Issoire";468027
"Issou - Porcheville";195274
"Issoudun";175252
"Issy";2398309
"Issy Val de Seine";6481351
"Istres";129047
"Iteuil";8489
"Itxassou";74
"Ivry-sur-Seine";4830705
"Iwuy";6973
"Jacques Monod la Demi-Lieue";8120
"Janzé";163775
"Jarnac";42311
"Jarrie - Vizille";15894
"Jarville-la-Malgrange";30074
"Jassonneix";971
"Jatxou";9
"Jaunay-Clan";29058
"Jaux";11770
"Javel";3477600
"Jeumont";72013
"Joeuf";37140
"Joigny";358388
"Joigny-sur-Meuse";16490
"Joinville";61514
"Joncet";49
"Joncherey";0
"Jonchery-sur-Vesle";91780
"Jonzac";102920
"Joué-lès-Tours";58205
"Jouy";110437
"Jouy sur Morin Champgoulin";0
"Jouy sur Morin Eustache";5400
"Jouy sur Morin Monument";5400
"Jouy-en-Josas";856872
"Juan les Pins";919962
"Juvisy";38195637
"Juziers";243060
"Kédange";3961
"Kalhausen";12129
"Ker Lann";60919
"Kerhostin";1572
"Kerhuon";38625
"Keskastel";43443
"Kilstett";94006
"Koenigsmacker";994
"Kogenheim";26817
"Krimmeri Meinau";171585
"Kruth";25828
"Kuntzig";561
"Kurtzenhouse";97669
"L'Abbaye";756020
"L'Aigle";138025
"L'Aiguille";4685
"L'Arbresle";779513
"L'Argentière les Écrins";103096
"L'Ariane La Trinité";94643
"L'Étang-la-Ville";497108
"L'Escarène";88190
"L'Estaque";112505
"L'Hôpital-du-Grosbois";17964
"L'Herbergement - Les Brouzils";89562
"L'Hermitage - Mordelles";39821
"L'Hospitalet près l'Andorre";18755
"L'Isle-Adam - Parmain";815206
"L'Isle-d'Abeau";211294
"L'Isle-Jourdain";278270
"L'Isle-sur-la-Sorgue - Fontaine-de-Vaucluse";414758
"L'Isle-sur-le-Doubs";89110
"L'Isthme";563
"La Bachellerie";706
"La Barasse";13207
"La Barre Ormesson";2640901
"La Bassée";275167
"La Basse Indre - Saint-Herblain";28274
"La Bastide - Saint-Laurent-les-Bains";23269
"La Baule les Pins";18606
"La Baule-Escoublac";455115
"La Bernerie-en-Retz";22174
"La Bohalle";23632
"La Bonneville-sur-Iton";10923
"La Borne Blanche";22266
"La Bourboule";9424
"La Bouteille";5251
"La Brigue";4626
"La Brillanne - Oraison";106724
"La Brohinière";14145
"La Cave";22
"La Celle-Saint-Cloud";1944247
"La Chaize-le-Vicomte";3762
"La Chapelle - Aulnay";15547
"La Chapelle Centre";24351
"La Chapelle-Saint-Mesmin";8066
"La Chapelle-sur-Loire";1926
"La Charité-sur-Loire";154368
"La Chaumusse - Fort-du-Plasne";3669
"La Chaussée-Saint-Victor";2144
"La Chaux-des-Crotenay";2441
"La Ciotat";754153
"La Clayette - Baudemont";21922
"La Coquille";20902
"La Courneuve - Aubervilliers";10512217
"La Couronne Carro";45756
"La Crau";114048
"La Crèche";12037
"La Croix de Méan";1996
"La Défense";27840187
"La Douzillère";11507
"La Faloise";8856
"La Fère";127545
"La Ferté Gaucher";0
"La Ferté Gaucher Centre";5400
"La Ferté-Alais";475647
"La Ferté-Bernard";322371
"La Ferté-Imbault";11562
"La Ferté-Milon";28915
"La Ferté-Saint-Aubin";146424
"La Ferté-sous-Jouarre";1944254
"La Fontaine";4687
"La Forest-Landerneau";72161
"La Fouillouse";7385
"La Frayère";136398
"La Fresnais";14017
"La Frette - Montigny";838144
"La Garde";196891
"La Garenne-Colombes";3745936
"La Gauterie";0
"La Gorp";53238
"La Gouesnière - Cancale - Saint-méloir-des-Ondes";31658
"La Grande-Paroisse";54182
"La Grave d'Ambarès";15120
"La Guerche-sur-l'Aubois";31301
"La Guierche";32057
"La Haie-Fouassière";152927
"La Hisse";2416
"La Hume";122956
"La Hutte Coulombiers";15493
"La Jarrie";6372
"La Jonchère";13285
"La Joux";201
"La Levade";520
"La Loupe";360018
"La Méaugon";8
"La Ménitré";142611
"La Madeleine";10246
"La Marche";113
"La Membrolle-sur-Choisille";1468
"La Meyze";2819
"La Miouze - Rochefort";265
"La Mothe-Achard";52830
"La Mothe-Saint-Héray";2481
"La Norville - Saint-Germain-lès-Arpajon";631840
"La Pauline Hyères";182660
"La Penne-sur-Huveaune";84113
"La Plaine Stade de France - Saint-Denis - Aubervilliers";12847630
"La Pomme";14317
"La Porcherie";2569
"La Possonnière";105985
"La Poterie";43869
"La Réole";205677
"La Redonne Ensuès";69986
"La Ricamarie";9796
"La Rivière";23565
"La Rivière de Mansac";339
"La Roche-Maurice";13963
"La Roche-sur-Foron";364353
"La Roche-sur-Yon";883215
"La Rochefoucauld";11002
"La Rochelle";2026306
"La Rochelle Porte Dauphine";92155
"La Seyne - Six Fours";455089
"La Souterraine";186097
"La Suze";148523
"La Taye";13316
"La Teste";344789
"La Tour-de-Salvagny";130905
"La Tour-du-Pin";861758
"La Tricherie";18790
"La Trinité Victor";181797
"La Valbonne";195186
"La Verpillière";828276
"La Verrière";5137934
"La Ville Gozet";328
"La Villette Saint-Prest";92925
"La Wantzenau";40096
"Lépanges";4271
"Lépin-le-Lac - La Bauche";63832
"Lérouville";6018
"Lézignan-Corbières";101809
"Labarthe-Inard";926
"Labège Innopole";174705
"Labège Village";11922
"Labenne";29982
"Labergement-Sainte-Marie";9101
"Laboissière - Le Déluge";23832
"Labouheyre";59965
"Labruguière";7676
"Lacapelle-Viescamp";9
"Lacelle";1212
"Lachaud Curmilhac";1262
"Lacourtensourt";30941
"Lafarge";5445
"Lagny - Thorigny";3463548
"Laguépie";4525
"Laifour";13866
"Laigné - Saint-Gervais";48472
"Laigneville";161190
"Laillé";17845
"Laissac";2033
"Laissey";14953
"Lalande Église";1
"Lalbenque - Fontanes";7843
"Lalinde";22222
"Lamagistère";23252
"Lamanon";67343
"Lamarche";529
"Lamballe";438157
"Lamonzie-Saint-Martin";646
"Lamothe-Landerron";2823
"Lamothe-Montravel";5069
"Lamotte-Beuvron";187343
"Lamure-sur-Azergues";22671
"Lancerf";132
"Lancey";140042
"Landébia";3324
"Landévant";42059
"Landas";57430
"Landaul - Mendon";18404
"Landerneau";582999
"Landivisiau";125124
"Landrecies";18717
"Landry";36430
"Laneuveville-devant-Nancy";8653
"Langeac";26061
"Langeais";206677
"Langogne";29753
"Langon";678387
"Langres";83512
"Lannemezan";89853
"Lannion";191609
"Lantenay";14142
"Laon";750666
"Lapeyrouse";3707
"Laqueuille";3140
"Laragne";61788
"Larche";109
"Lardenne";17167
"Lardy";437516
"Laroche - Migennes";354855
"Laroque";771
"Laroquebrou";3814
"Lathus";610
"Latour-de-Carol - Enveitg";49033
"Lauterbourg";24898
"Laval";1292056
"Laval-de-Cère";532
"Lavaufranche";391
"Lavaur";149353
"Lavaveix-les-Mines";198
"Laveline-devant-Bruyères";14006
"Lavilledieu";10241
"Lavilletertre";4216
"Lavoûte-sur-Loire";6330
"Le Blanc-Mesnil";2911656
"Le Bosquet";35524
"Le Bourget";10054865
"Le Bourget Tram Train";2273400
"Le Bousquet-d'Orb";664
"Le Bras de Fer";2781348
"Le Breuil-sur-Couze";23242
"Le Bruel";448
"Le Buet";1414
"Le Bugue";13121
"Le Buisson";47677
"Le Burg";465
"Le Cailar";467
"Le Cateau";23264
"Le Cellier";41607
"Le Cendre - Orcet";140505
"Le Chénay Gagny";3013226
"Le Chambon-Feugerolles";32783
"Le Coteau";93510
"Le Coudray-Montceaux";86411
"Le Creusot";122007
"Le Creusot - Montceau-les-Mines - Montchanin TGV";729324
"Le Croisic";113808
"Le Dorat";21444
"Le Dramont";5085
"Le Fauga";62200
"Le Genest";48535
"Le Grand Jardin";30544
"Le Grand-Lemps";87470
"Le Grau-du-Roi";57013
"Le Haut Banc";6494
"Le Havre";1739743
"Le Havre Graville";1160
"Le Lioran";23082
"Le Luc - Le Cannet";103598
"Le Mée";2036995
"Le Méridien La Ferrière";150003
"Le Mans";4817035
"Le Merlerault";481
"Le Meux - Lacroix-Saint-Ouen";34690
"Le Molay-Littry";21610
"Le Monastier";301
"Le Péage-de-Roussillon";832075
"Le Pénity";3028
"Le Pallet";184433
"Le Perray";754009
"Le Plessis Chenet";43200
"Le Plessis-Belleville";256705
"Le Poirier Université";155317
"Le Pouliguen";73347
"Le Puy-en-Velay";205417
"Le Quesnoy";396403
"Le Raincy - Villemomble - Montfermeil";8380955
"Le Rouget";11041
"Le Soler";2317
"Le Stade";2193282
"Le Teich";207035
"Le Teil";1958
"Le Theil - La Rouge";18674
"Le Theil-de-Bretagne";16853
"Le Thor";125055
"Le Toec";3025
"Le Tréport - Mers-les-Bains";49023
"Le Trayas";6998
"Le Val d'Or";1532242
"Le Valdahon";172935
"Le Valdahon Camp Militaire";4328
"Le Vauriat";770
"Le Verdon";7199
"Le Vernet d'Ariège";12628
"Le Vert de Maisons";3013931
"Le Vieux Briollay";21836
"Leforest";248142
"Lemberg";5206
"Lens";1636685
"Lentilly";316728
"Lentilly Charpenay";222334
"Les Abrets - Fitilieu";4302
"Les Échets";162973
"Les Églisottes";15363
"Les Arcs - Draguignan";1351035
"Les Ardoines";2340901
"Les Aubrais";1650784
"Les Bardys";5833
"Les Bons Pères";1068
"Les Bossons";5833
"Les Boullereaux Champigny";2435403
"Les Cabannes";7082
"Les Cabrils";106
"Les Cauquillous";14838
"Les Clairières de Verneuil";389028
"Les Coquetiers";896401
"Les Deux Jumeaux";24596
"Les Essarts-le-Roi";916263
"Les Eyzies";21484
"Les Flachères";2175
"Les Fontinettes";24588
"Les Grésillons";2624566
"Les Houches";22576
"Les Islettes";26
"Les Lacs";14077
"Les Laumes Alésia";171899
"Les Longevilles-Rochejean";844
"Les Mais";597
"Les Martres-de-Veyre";164239
"Les Moussoux";2507
"Les Moutiers-en-Retz";13332
"Les Mureaux";3772784
"Les Noues";1557785
"Les Ormes";2824
"Les Pélerins";7626
"Les Pavillons-sous-Bois";1474343
"Les Perrières";579
"Les Praz de Chamonix";6356
"Les Quatre Roues";75
"Les Quatre-Routes";1477
"Les Ramassiers";6004
"Les Rosiers-sur-Loire";51408
"Les Sables Blancs";172
"Les Sables-d'Olonne";413567
"Les Salelles";1
"Les Saules";1171802
"Les Tines";2270
"Les Trillers";797
"Les Vallées";3597982
"Les Versannes";2885
"Les Yvris Noisy-le-Grand";923458
"Lesparre";81713
"Lesquin";187261
"Lesseux - Frapelle";36
"Lestelle";867
"Leucate la Franqui";65505
"Leval";2184
"Lexos";7007
"Lezennes";1442
"Lezoux";80947
"Liévin";46374
"Liancourt - Rantigny";295169
"Liancourt-Saint-Pierre";13546
"Liart";10
"Libercourt";784149
"Libourne";1278683
"Liesle";5420
"Lieusaint - Moissy";5423503
"Ligugé";5550
"Lille CHR";239571
"Lille Europe";7195331
"Lille Flandres";19504803
"Lille Porte de Douai";23500
"Lillers";252485
"Limay";497217
"Limeray";7245
"Limersheim";88136
"Limeyrat";283
"Limoges Bénédictins";1565325
"Limoges Montjovis";19161
"Limoux";5954
"Limoux Flassian";2018
"Lingolsheim";63734
"Lisieux";951064
"Lisle-sur-Tarn";83075
"Lison";149933
"Liverdun";24543
"Livron";54458
"Livry-sur-Seine";92292
"Lizy-sur-Ourcq";303978
"Loches";214370
"Logelbach";31768
"Loison-sous-Lens";15199
"Loivre";32324
"Longages - Noé";105786
"Longecourt";7745
"Longjumeau";524223
"Longpont";149
"Longpré-les-Corps-Saints";155186
"Longroy - Gamaches";2091
"Longueau";458437
"Longueil-Annel";23439
"Longueil-Sainte-Marie";45291
"Longuerue - Vieux-Manoir";9873
"Longueville";897085
"Longueville-sur-Scie";25153
"Longuyon";50488
"Longwy";564384
"Lons-le-Saunier";368462
"Loos lez Lille";29726
"Loos-en-Gohelle";13297
"Loreux";4640
"Lorient Bretagne Sud";1225652
"Loriol";51447
"Lorraine TGV";643375
"Lothiers";979
"Louhans";28884
"Louhossoa";498
"Loulay";613
"Lourches";13817
"Lourdes";418037
"Loures - Barbazan";1232
"Louroux-de-Bouble";1693
"Louveciennes";929095
"Louverné";1006
"Louvres";2059077
"Louvroil";3809
"Lozanne";322262
"Luçay-le-Mâle";14251
"Luçon";60320
"Luant";268
"Lubersac";1948
"Luc";391
"Luc-en-Diois";7452
"Luc-Primaube";5013
"Lucé";25277
"Luchon";31895
"Lucy-sur-Cure - Bessy";42
"Ludon";31621
"Ludres";16244
"Lumes";21534
"Lunéville";915327
"Lunas";157
"Lunel";794007
"Lunel-Viel";6012
"Lunery";304
"Lurbe-Saint-Christau";1854
"Lure";187303
"Lus-la-Croix-Haute";5879
"Lusignan";45136
"Lussac-les-Châteaux";26204
"Luttenbach-près-Munster";9463
"Lutterbach";0
"Lutterbach";47464
"Lutzelbourg";62677
"Lutzelhouse";152469
"Luxé";27464
"Luxeuil-les-Bains";25506
"Luzarches";453728
"Luzenac - Garanou";10883
"Luzy";29416
"Lycée Henri Sellier";1252800
"Lyon Gorge de Loup";669463
"Lyon Jean Macé";774246
"Lyon Part Dieu";31884905
"Lyon Perrache";5749235
"Lyon Saint-Exupéry TGV";1487273
"Lyon Saint-Paul";1460762
"Lyon Vaise";628074
"Ménil Flin";2643
"Mérens-les-Vals";2514
"Mérenvielle";73088
"Méricourt - Ribemont";32161
"Mériel";345997
"Mérignac Arlac";89712
"Méru";896279
"Méry-sur-Oise";605268
"Mézériat";42702
"Mézidon - Canon";298551
"Mâcon";1210842
"Mâcon Loché TGV";450911
"Mâlain";34726
"Macau";36093
"Machecoul";68532
"Machilly";22103
"Magalas";3561
"Magenta";41256000
"Magland";21823
"Magnac - Vicq";12782
"Magnette";4979
"Magneux - Courlandon";24648
"Magny - Blandainville";2665
"Maillé";20860
"Mailly-la-Ville";2971
"Maintenon";1208981
"Maisons-Alfort - Alfortville";12768152
"Maisons-Laffitte";6690943
"Maisse";210830
"Maizières-lès-Metz";243016
"Malansac";28903
"Malaunay - Le Houlme";88081
"Malause";431
"Malesherbes";7754
"Malling";8
"Mamirolle";19376
"Mandelieu-la-Napoule";309160
"Manduel - Redessan";6815
"Manosque - Gréoux-les-Bains";312379
"Mantes Station";860158
"Mantes-la-Jolie";9799922
"Marans";1412
"Marbache";15929
"Marcelcave";41978
"Marcheprime";351438
"Marchezais - Broué";98453
"Mareil-Marly";64801
"Mareil-sur-Mauldre";59938
"Maresquel";165
"Mareuil-sur-Ourcq";28458
"Margaux";23832
"Margival";1
"Marienthal";63043
"Marignac - Saint-Béat";2724
"Marignier";133074
"Marigny";7726
"Marle sur Serre";53601
"Marles-en-Brie";372786
"Marlieux - Châtillon";106370
"Marly-le-Roi";2317014
"Marmagne";6941
"Marmagne sous Creusot";65
"Marmande";442012
"Marne-la-Vallée Chessy";5557520
"Maroeuil";20374
"Marolles-en-Hurepoix";1452643
"Maromme";95950
"Marquette";12
"Marquillies";17313
"Marquise - Rinxent";160421
"Marquixanes";578
"Marsac";5327
"Marsac";0
"Marseillan Plage";8282
"Marseille Blancarde";518149
"Marseille Saint-Charles";16546458
"Marseille-en-Beauvaisis";34135
"Marssac-sur-tarn";9706
"Martigné-Ferchaud";6338
"Martigny-les-Bains";11297
"Martigues";90755
"Martres-Tolosane";22679
"Marvejols";24751
"Massérac";8028
"Masseret";5467
"Massiac - Blesle";29136
"Massy - Palaiseau";4567056
"Massy - Verrières";307888
"Massy TGV";2954714
"Matzenheim";33544
"Maubeuge";480769
"Maule";264978
"Maurecourt";551144
"Maurois";112
"Maurs";12470
"Mauves-sur-Loire";18573
"Mauzé";58613
"Mauzac";946
"Mauzens-et-Miremont";334
"Mayet";33544
"Mazamet";61881
"Mazingarbe";1009
"Meaux";7851972
"Mehun-sur-Yèvre";51121
"Melun";14348114
"Menars";119
"Mende";26690
"Mennecy";1134344
"Mennessis";8354
"Mennetou-sur-Cher";2170
"Menton";2327666
"Menton Garavan";343115
"Mer";218619
"Meroux";0
"Merrey";75
"Mertzwiller";83684
"Mervans";7111
"Merxheim";51771
"Messac - Guipry";245457
"Messein";13950
"Mesves - Bulcy";3581
"Mesvres";2694
"Metz Nord";30206
"Metz Ville";7096851
"Metzeral";65989
"Metzervisse";5608
"Meudon";1196234
"Meudon Val Fleury";2847121
"Meulan - Hardricourt";406874
"Meung-sur-Loire";290472
"Meurchin";66421
"Meursault";18016
"Meuse TGV";210113
"Meximieux - Pérouges";713757
"Meymac";17945
"Meyrargues";102392
"Mignaloux - Nouaillé";2268
"Milhac-d'Auberoche";1010
"Milhaud";3753
"Millas";508
"Millau";66408
"Milly-sur-Thérain";7719
"Miniac";163
"Mionnay";96332
"Miramas";895890
"Miraumont";19506
"Mirecourt";136799
"Miribel";284840
"Mitry - Claye";3115659
"Moûtiers - Salins - Brides-les-Bains";360885
"Modane";213894
"Mohon";17460
"Moirans";743270
"Moirans la Galifette";143681
"Moissac";83893
"Molinges";1968
"Molsheim";1604913
"Mommenheim";217583
"Monéteau - Gurgy";21126
"Monaco-Monte-Carlo";7128125
"Monestier-de-Clermont";31703
"Monistrol-d'Allier";1952
"Monnaie";31158
"Monnerville";27305
"Monsempron-Libos";38416
"Mont de Terre";3399
"Mont-Dauphin - Guillestre";180564
"Mont-de-Marsan";315450
"Mont-Dore";6797
"Mont-Louis - La Cabanasse";86731
"Mont-Notre-Dame";3223
"Mont-sur-Meurthe";9926
"Montélimar";896788
"Montérolier - Buchy";32286
"Montaignac-Saint-Hippolyte";991
"Montaigu";327732
"Montaigut";1462
"Montargis";680711
"Montastruc-la-Conseillère";131496
"Montataire";33672
"Montauban Ville Bourbon";1103290
"Montauban-de-Bretagne";169798
"Montaudran";26319
"Montaut Bétharram";361
"Montbéliard";538402
"Montbard";408143
"Montbarrey";324
"Montbartier";55637
"Montbazon";9619
"Montbizot";35710
"Montbré";3307
"Montbrison";156863
"Montceau-les-Mines";54707
"Montchanin";68812
"Montdidier";163764
"Monte-Carlo Country Club";13293
"Montendre";38493
"Montereau";2997727
"Montescourt";17121
"Monteux";333994
"Montfavet";55601
"Montferrand - Thoraise";2582
"Montfort-l'Amaury - Méré";614954
"Montfort-le-Gesnois";45529
"Montfort-sur-Meu";344434
"Montgeron - Crosne";4034407
"Montgeroult - Courcelles";32453
"Monthermé";119705
"Montigny - Beauchamp";4747238
"Montigny-en-Ostrevent";177842
"Montigny-sur-Loing";194854
"Montivilliers";30873
"Montlaur";3700
"Montlouis";20665
"Montluçon";337650
"Montluçon Rimard";13749
"Montluel";490797
"Montmédy";7053
"Montmélian";469479
"Montmoreau";9863
"Montmorillon";46144
"Montoir-de-Bretagne";13948
"Montpaon";253
"Montpellier Saint-Roch";8125316
"Montpellier Sud de France";0
"Montpon-Ménestérol";139396
"Montréjeau - Gourdan-Polignan";148664
"Montrabé";47957
"Montreuil";2036466
"Montreuil sur Mer";29329
"Montreuil-Bellay";5441
"Montreuil-sur-Ille";249071
"Montreuil-sur-Thérain";5019
"Montreux-Vieux";80587
"Montrichard";84046
"Montroc le Planet";3323
"Montrond-les-Bains";105197
"Montry - Condé";59400
"Monts";126196
"Montsûrs";45267
"Montsoult - Maffliers";1610235
"Montville";140088
"Moosch";38415
"Morannes";49924
"Morbier";3588
"Morcenx";149047
"Moret - Veneux-les-Sablons";1483968
"Moreuil";137369
"Morez";27012
"Morgny";26118
"Morhange";94872
"Morières-lès-Avignon";76215
"Morlaix";546415
"Mormant";415990
"Morre";10453
"Mortcerf";108017
"Morteau";149369
"Morvillars";0
"Mothern";3462
"Motteville";83729
"Mouans-Sartoux";173788
"Mouchard";113934
"Moulin Galant";799308
"Moulins sur Allier";725544
"Moulis - Listrac";17867
"Moult - Argences";54214
"Mourmelon-le-Petit";79356
"Mouroux";124231
"Moustéru";552
"Mouy - Bury";166457
"Moyeuvre-Grande";27840
"Muhlbach-sur-Munster";30407
"Muizon";77331
"Mulhouse";4967456
"Mulhouse Dornach";174303
"Mulhouse Musées";0
"Mullerhof";7020
"Munchhausen";2877
"Mundolsheim";68210
"Munster";276505
"Munster Badischhof";8514
"Murat";18838
"Muret";817118
"Musée d'Orsay";4773600
"Mussidan";166716
"Mutzig";258725
"Négrondes";1896
"Nérondes";17891
"Nézel - Aulnay";70709
"Nîmes";3862495
"Naintré les Barres";25710
"Najac";8607
"Namps - Quevauvillers";794
"Nançois - Tronville";892
"Nancy";7605051
"Nangis";956382
"Nanterre Université";5559829
"Nantes";11068226
"Nanteuil - Saâcy";855930
"Nanteuil-le-Haudouin";182147
"Nantiat";18903
"Narbonne";1275313
"Naucelle";15433
"Neau";5047
"Nemours - Saint-Pierre";1458324
"Nerpuy";3317
"Nesle";65999
"Neufchâteau";87038
"Neufchâtel-Hardelot";11945
"Neuillé-Pont-Pierre";14988
"Neuilly Porte Maillot";5308200
"Neuilly-lès-Dijon";29491
"Neuilly-Saint-Front";2191
"Neussargues";13788
"Neuves-Maisons";17213
"Neuvic";34785
"Neuville";8107
"Neuville Université";2451737
"Neuvy-Pailloux";6577
"Nevers";795355
"Nevers le Banlay";52362
"Nexon";48305
"Nice";11514754
"Nice Pont Michel";60334
"Nice Riquier";2981420
"Nice Saint-Augustin";2218994
"Niederbronn-les-Bains";128359
"Nieppe";87411
"Nieul";2687
"Niolon";35335
"Niort";1148675
"Nissan";0
"Niversac";7510
"Noeux";99245
"Nogent - Le Perreux";4476704
"Nogent-l'Artaud - Charly";111119
"Nogent-le-Rotrou";431597
"Nogent-sur-Seine";185518
"Nogent-sur-Vernisson";45661
"Nointel - Mours";405584
"Noirétable";4414
"Noisy-le-Roi";226807
"Noisy-le-Sec";14990821
"Noizay";2147
"Nomain";5097
"Nomain Ouvignies";1
"Nonancourt";10907
"Nonant-le-Pin";0
"Nort-sur-Erdre";335376
"Nortkerque";2398
"Notre-Dame de Briançon";5136
"Notre-Dame-d'Oé";4050
"Nouan-le-Fuzelier";40673
"Nouvion-sur-Meuse";55056
"Nouzonville";30330
"Novéant-sur-Moselle";118598
"Novillars";6305
"Noyal - Acigné";144856
"Noyelles-sur-Mer";73017
"Noyen";77124
"Noyon";594408
"Nozières - Brignon";10497
"Nuits sous Ravières";30267
"Nuits-Saint-Georges";242182
"Nurieux";21190
"Nyer";176
"Obermodern";196449
"Obernai";663768
"Objat";6851
"Oderen";26651
"Oermingen";34755
"Ogeu-les-Bains";8225
"Oissel";364082
"Olette - Canaveilles les Bains";1176
"Ollioules - Sanary-sur-Mer";478816
"Olonne-sur-Mer";6512
"Oloron-Sainte-Marie";93179
"Ondres";8701
"Onville";7914
"Onzain - Chaumont-sur-Loire";230550
"Orange";784214
"Orangis Bois de l'Épine";2284300
"Orchamps";54095
"Orchies";956365
"Orgerus - Béhoust";206556
"Orgon";28600
"Origny-en-Thiérache";11276
"Orléans";3368559
"Orly Ville";1674694
"Ormoy-Villers";8089
"Orry-la-Ville - Coye";1246718
"Ors";141
"Orthez";168761
"Osny";559091
"Osséja";262
"Ossès - Saint-Martin-d'Arrossa";2775
"Ossun";607
"Ostricourt";165434
"Oudon";117188
"Ouges";13018
"Oulchy - Breny";1052
"Oullins";165777
"Ourscamps";3492
"Oyonnax";93173
"Ozoir-la-Ferrière";2338244
"Péreire Levallois";4838402
"Pérenchies";94333
"Périgueux";858061
"Périgueux Saint-Georges";1686
"Pérols-sur-Vézère";169
"Pagny";11079
"Pagny-sur-Meuse";2801
"Pagny-sur-Moselle";308214
"Paimpol";52863
"Pamiers";344176
"Pamproux";5132
"Pantin";7822875
"Paray-le-Monial";121030
"Parc des Expositions";2367784
"Parempuyre";23951
"Parent - Coudes - Champeix";61342
"Paris Austerlitz";16119782
"Paris Austerlitz";6989641
"Paris Bercy Bourgogne - Pays d'Auvergne";3543416
"Paris Est";35411032
"Paris Gare de Lyon";43923693
"Paris Gare de Lyon";56636819
"Paris Gare du Nord";24693610
"Paris Gare du Nord";10343978
"Paris Gare du Nord";51721364
"Paris Gare du Nord";135356143
"Paris Montparnasse";54194496
"Paris Montparnasse";890030
"Paris Saint-Lazare";107875417
"Parsac - Gouzon";232
"Parthenay";39511
"Pas des Lanciers";225210
"Pau";800448
"Pauillac";56576
"Paulhaguet";1244
"Pavilly";162781
"Peille";39136
"Peillon - Sainte-Thècle";22179
"Peltre";26189
"Penhoët";34375
"Penne";17972
"Penthièvre";1071
"Pernes - Camblain";22198
"Perpignan";1588873
"Perrignier";56060
"Pers";163
"Persan - Beaumont";4876445
"Pertuis";139821
"Pessac";786062
"Petit Jouy Les Loges";195869
"Petit Vaux";372608
"Petit-Croix";12130
"Petit-Réderching";1282
"Peyrehorade";18223
"Peyrilhac - Saint-Jouvent";461
"Pezou";1998
"Phalempin";305675
"Pibrac";132650
"Picon Busserine";12342
"Picquigny";66179
"Pierre-Bénite";30331
"Pierre-Buffière";18866
"Pierrefitte-Stains";7547904
"Pierrefitte-Stains";1409400
"Pierrelatte";284863
"Pierrelaye";1199232
"Pierreville";270
"Pignans";57377
"Pihen";1554
"Pins-Justaret";180377
"Pléchâtel";16579
"Plénée-Jugon";11470
"Plaisir - Grignon";2979350
"Plaisir - Les Clayes";1123325
"Planès";468
"Plancoët";16242
"Plerguer";2113
"Plestan";8831
"Pleudihen";1538
"Pleyber-Christ";1792
"Plouaret Trégor";86083
"Plougonver";3960
"Plouharnel - Carnac";3113
"Plouigneau";1095
"Plounérin";817
"Plouvara - Plerneuf";594
"Podensac";67702
"Pointe de Grave";876
"Poissy";9812364
"Poitiers";2821722
"Poix-de-Picardie";111288
"Poix-Terron";77876
"Poliénas";32515
"Poligny";86688
"Polliat";6519
"Pomas";324
"Pommevic";248
"Pompadour";7877
"Pompey";56367
"Pons";25203
"Pont Cardinet";4991239
"Pont d'Ardres";4420
"Pont de bois";28834
"Pont de Briques";3307
"Pont de Dore";64210
"Pont de l'Alma";3985200
"Pont de la Deûle";19300
"Pont de Lignon";53
"Pont de Rungis Aéroport d'Orly";697060
"Pont de Sallaumines";10353
"Pont du Garigliano - Hôpital Européen Georges Pompidou";2980800
"Pont Petit";325016
"Pont-à-Mousson";971197
"Pont-à-Vendin";80988
"Pont-d'Ain";26249
"Pont-de-Beauvoisin";205044
"Pont-de-Buis";5625
"Pont-de-Claix";8029
"Pont-de-l'Arche";7658
"Pont-de-Veyle";43781
"Pont-du-Casse";451
"Pont-du-Château";49169
"Pont-Hébert";453
"Pont-l'Évêque";114749
"Pont-Melvez";2755
"Pont-Remy";17397
"Pont-Saint-Vincent";32816
"Pont-Sainte-Maxence";841942
"Pont-sur-Yonne";102601
"Pontanevaux";36464
"Pontarlier";186820
"Pontchâteau";226213
"Pontchaillou";232554
"Pontcharra - Saint-Forgeux";17707
"Pontcharra sur Bréda";648807
"Pontgibaud";398
"Pontgouin";15572
"Ponthierry - Pringy";486087
"Pontmort";21981
"Pontoise";7781914
"Pontorson - Mont-Saint-Michel";21398
"Pontrieux";5387
"Pontrieux Halte";4116
"Porchefontaine";880229
"Pornic";102998
"Pornichet";124631
"Port Boulet";112683
"Port-Brillet";65047
"Port-de-Bouc";147546
"Port-de-Piles";38052
"Port-la-Nouvelle";86775
"Port-Saint-Père - Saint-Mars";24759
"Port-Sainte-Marie";41319
"Port-Vendres";24482
"Porté-Puymorens";2938
"Porte de Clichy";3979800
"Portet Saint-Simon";309484
"Portets";91044
"Pougny - Chancy";3988
"Pougues-les-Eaux";12475
"Pouilly-sur-Loire";7451
"Poussay";12
"Pouxeux";12727
"Pouzauges";677
"Précy-sur-Oise";35262
"Prades - Molitg-les-Bains";5208
"Praye sous Vaudémont";1918
"Preignac";5037
"Presles - Courcelles";330174
"Prin-Deyrançon";5675
"Pringy";25311
"Prissé-la-Charrière";6150
"Prouvy - Thiant";1159
"Provenchères-sur-Fave";4338
"Provins";644123
"Prunay";5449
"Pruniers";6212
"Puget-Ville";39201
"Pulligny - Autrey";1349
"Puteaux";3103833
"Puybrun";916
"Puyoô";41228
"Quédillac";10624
"Quesnoy-le-Montant";431
"Quesnoy-sur-Deûle";735
"Questembert";119788
"Quiberon";102059
"Quillan";10237
"Quimper";930741
"Quimperlé";282471
"Quincieux";61463
"Réaumont - Saint-Cassien";107775
"Réding";43180
"Régny";40141
"Rémelfing";8016
"Rémilly";210344
"Rémy";8298
"Rabastens - Coufouleux";144717
"Raedersheim";48062
"Rai - Aube";25
"Raismes";43693
"Rambouillet";6318476
"Ranchot";64734
"Rang-du-Fliers - Verton - Berck";257735
"Ranguin";112138
"Ranspach";22046
"Raon-l'Étape";112500
"Rassuen";5048
"Raves - Ban-de-Laveline";1996
"Razac";3667
"Recquignies";7499
"Redon";732215
"Reichshoffen";153611
"Reignac";43920
"Reignier";50371
"Reims";3795929
"Reims Maison Blanche";50279
"Remiremont";260900
"Remise à Jorelle";577800
"Renescure";21079
"Rennes";9489086
"Rethel";332067
"Retiers";42874
"Retournac";28967
"Reuilly";18481
"Revigny";87444
"Revin";198734
"Rezé Pont Rousseau";163438
"Ria";114
"Ribécourt";99944
"Ribeauvilllé";15555
"Richwiller";0
"Riedseltz";9998
"Rieux - Angicourt";144646
"Rilly-la-Montagne";75225
"Riom - Châtel-Guyon";897523
"Ris-Orangis";1495946
"Rivarennes";18529
"Rive-de-Gier";692920
"Rives";338830
"Rivesaltes";88852
"Rixheim";196826
"Roanne";987654
"Rocamadour - Padirac";7503
"Roche-lez-Beaupré";7336
"Rochefort";439398
"Rochy-Condé";4073
"Rodez";190743
"Roeschwoog";54285
"Roeux";23640
"Rognac";367323
"Rohrbach-lès-Bitche";3011
"Roissy-en-Brie";3078046
"Rolleville";1980
"Romanèche-Thorins";38921
"Romans - Bourg-de-Péage";404604
"Rombas - Clouange";63882
"Romilly-la-Puthenaye";12321
"Romilly-sur-Seine";295041
"Romorantin Blanc Argent";87442
"Ronchamp";31517
"Ronchin";42285
"Roppenheim";12334
"Roquebrune-Cap-Martin";94882
"Roquesérière - Buzet";3204
"Rosa Parks";8564400
"Roscoff";42494
"Rosheim";206843
"Rosières";111377
"Rosières-aux-Salines";164021
"Rosny Bois Perrier";5324440
"Rosny-sous-Bois";5043743
"Rosny-sur-Seine";397676
"Rosporden";154120
"Rosult";67728
"Rothau";155852
"Roubaix";162429
"Rouen Rive Droite";5812288
"Rouessé-Vassé";1925
"Rouffach";198867
"Rougemont Chanteloup";1506600
"Rouillé";8551
"Roumazières-Loubert";6587
"Rountzenheim";29914
"Route de Launaguet";268
"Royan";223951
"Royat - Chamalières";3511
"Rozières-sur-Mouzon";49
"Rue";111580
"Ruelle";5251
"Ruffec";84986
"Ruffey";15158
"Rully";23776
"Rumilly";608609
"Ruminghem";24848
"Rungis la Fraternelle";826791
"Russ Hersbach";68658
"Sées";89100
"Sélestat";2217910
"Sénas";55157
"Séon Saint-Henri";1630
"Sérézin";183911
"Sérifontaine";6693
"Sévérac";2841
"Sévérac-le-Château";24398
"Saales";33908
"Saône";29756
"Sablé-sur-Sarthe";564503
"Saillagouse";1486
"Saillans";11756
"Saillat - Chassenon";1580
"Sain-Bel";178133
"Saincaize";1721
"Sains-du-Nord";57570
"Saint-Agnan";1206
"Saint-Agne";1105480
"Saint-Égrève Saint-Robert";58204
"Saint-Aignan - Noyers";85047
"Saint-Aigulin - La Roche-Chalais";10367
"Saint-Amand de Vendôme";5484
"Saint-Amand-les-Eaux";741941
"Saint-Amand-Montrond - Orval";56257
"Saint-Amarin";63082
"Saint-Émilion";80902
"Saint-Amour";45022
"Saint-André";17021
"Saint-André-de-Corcy";250017
"Saint-André-de-Cubzac";440505
"Saint-André-le-Gaz";139865
"Saint-Antoine";70873
"Saint-Antoine-de-Breuilh";7437
"Saint-Antoine-du-Rocher";17089
"Saint-Armel";1909
"Saint-Astier";155949
"Saint-Étienne Bellevue";125603
"Saint-Étienne Carnot";130584
"Saint-Étienne Châteaucreux";3534430
"Saint-Étienne La Terrasse";109265
"Saint-Étienne Le Clapier";60753
"Saint-Étienne-de-Montluc";86502
"Saint-Étienne-du-Rouvray";25456
"Saint-Aubin - Saint-Luperce";12809
"Saint-Aubin-sur-Scie";13336
"Saint-Aulaire";857
"Saint-Aunès";2752
"Saint-Avold";263446
"Saint-Avre - La Chambre";77236
"Saint-Ay";17740
"Saint-Béron - La Bridoire";20433
"Saint-Blaise-la-Roche Poutay";44091
"Saint-Bonnet-de-Rochefort";5468
"Saint-Brès - Mudaison";468
"Saint-Brice-sur-Vienne";472
"Saint-Brieuc";1244088
"Saint-Césaire";14727
"Saint-Chély-d'Apcher";33592
"Saint-Chéron";626435
"Saint-Chamas";93106
"Saint-Chamond";679431
"Saint-Christophe";6159
"Saint-Clément - Laronxe";25189
"Saint-Clair - Les Roches";500449
"Saint-Claude";32620
"Saint-Cloud";8383033
"Saint-Cyprien";8569
"Saint-Cyprien Arènes";288281
"Saint-Cyr";5016131
"Saint-Cyr Les Lecques - La Cadière";535107
"Saint-Cyr-en-Val la Source";72927
"Saint-Dalmas de Tende";14464
"Saint-Denis";28046467
"Saint-Denis-de-Pile";25184
"Saint-Denis-des-Murs";1816
"Saint-Denis-lès-Martel";15401
"Saint-Dié-des-Vosges";375638
"Saint-Dizier";214542
"Saint-Erme";86735
"Saint-Féliu-d'Avall";490
"Saint-Fargeau";102630
"Saint-Florent-sur-Cher";15686
"Saint-Florentin - Vergigny";67047
"Saint-Flour - Chaudes-Aigues";23778
"Saint-Fons";58404
"Saint-Gaudens";264290
"Saint-Geniès-de-Malgoirès";75078
"Saint-Genouph";1104
"Saint-Georges-d'Aurac";3965
"Saint-Georges-de-Commiers";2083
"Saint-Georges-de-Luzençon";1007
"Saint-Georges-de-Reneins";59194
"Saint-Geours";9751
"Saint-Germain - Saint-Rémy";2
"Saint-Germain-au-Mont-d'Or";373570
"Saint-Germain-des-Fossés";116894
"Saint-Germain-du-Puy";7902
"Saint-Germain-en-Laye Bel-Air - Fourqueux";243000
"Saint-Germain-en-Laye Grande Ceinture";124207
"Saint-Germain-les-Belles";13004
"Saint-Germain-sur-Ille";40521
"Saint-Gervais-les-Bains Le Fayet";345856
"Saint-Gildas-des-bois";47966
"Saint-Gilles Lycée Haut-Rhin";62013
"Saint-Gilles-Croix-de-Vie";105615
"Saint-Gratien";2689439
"Saint-Hilaire";205
"Saint-Hilaire - Brizambourg";316
"Saint-Hilaire - Saint-Nazaire";73425
"Saint-Hilaire-au-Temple";345
"Saint-Hilaire-de-Chaléons";19155
"Saint-Hilaire-de-Riez";34437
"Saint-Jacques-de-la-Lande";7915
"Saint-Jean-d'Angély";41390
"Saint-Jean-de-Losne";50431
"Saint-Jean-de-Luz - Ciboure";339083
"Saint-Jean-de-Maurienne Arvan";316985
"Saint-Jean-de-Verges";3117
"Saint-Jean-Pied-de-Port";54546
"Saint-Jodard";12696
"Saint-Jory";155308
"Saint-Joseph le Castellas";14151
"Saint-Julien - Clénay";28594
"Saint-Julien-du-Sault";28495
"Saint-Julien-en-Genevois";176530
"Saint-Junien";21538
"Saint-Just-en-Chaussée";538465
"Saint-Léger-sur-Dheune";5232
"Saint-Léon-sur-l'Isle";16443
"Saint-Léonard";12313
"Saint-Léonard-de-Noblat";43013
"Saint-Lô";210099
"Saint-Laurent - Gainneville";39358
"Saint-Laurent-d'Aigouze";647
"Saint-Laurent-de-la-Prée - Fouras";37595
"Saint-Laurent-du-Var";970274
"Saint-Laurent-en-Grandvaux";17453
"Saint-Leu-d'Esserent";56361
"Saint-Leu-la-Forêt";2301589
"Saint-Lothain";4489
"Saint-Loubès";64613
"Saint-Louis";1190267
"Saint-Louis la Chaussée";59651
"Saint-Louis les Aygalades";78
"Saint-Médard-d'Eyrans";53111
"Saint-Médard-de-Guizières";41114
"Saint-Médard-sur-Ille";43477
"Saint-Macaire";12037
"Saint-Maixent-L'École";201758
"Saint-Malo";1162566
"Saint-Mammès";344364
"Saint-Marcel";52337
"Saint-Marcel en Dombes";75858
"Saint-Marcellin";533705
"Saint-Mariens - Saint-Yzan";126998
"Saint-Mars-la-Brière";16071
"Saint-Martin d'Étampes";599421
"Saint-Martin du Touch";8435
"Saint-Martin-d'Oney";39972
"Saint-Martin-de-Crau";140065
"Saint-Martin-du-Mont";3849
"Saint-Martin-du-Vivier";5583
"Saint-Martin-le-Beau";46064
"Saint-Martory";3906
"Saint-Mathurin";100269
"Saint-Maurice-de-Beynost";183623
"Saint-Michel - Valloire";96261
"Saint-Michel Notre-Dame";27469800
"Saint-Michel-sur-Meurthe";3562
"Saint-Michel-sur-Orge";3245524
"Saint-Nabord";5094
"Saint-Nazaire";913618
"Saint-Nom-la-Bretèche Forêt de Marly";1280037
"Saint-Omer";913567
"Saint-Omer-en-Chaussée";8693
"Saint-Ouen";4125632
"Saint-Ouen-l'Aumône";1740720
"Saint-Ouen-l'Aumône Liesse";1836739
"Saint-Ouen-l'Aumône Quartier de l'Église";438417
"Saint-Pé-de-Bigorre";1608
"Saint-Péray";1725
"Saint-Paterne";14218
"Saint-Patrice";8343
"Saint-Paul-de-Varax";88960
"Saint-Piat";177962
"Saint-Pierre-d'Albigny";122623
"Saint-Pierre-d'Aurillac";7121
"Saint-Pierre-de-Chignac";393
"Saint-Pierre-des-Corps";2740784
"Saint-Pierre-du-Vauvray";2160
"Saint-Pierre-en-Faucigny";68870
"Saint-Pierre-la-Cour";61034
"Saint-Pierre-le-Moûtier";7987
"Saint-Pierre-Quiberon";4279
"Saint-Pierre-sur-Dives";36575
"Saint-Pol-de-Léon";14286
"Saint-Pol-sur-Ternoise";192151
"Saint-Priest";127078
"Saint-Priest-Taurion";23187
"Saint-Quentin";1136380
"Saint-Quentin en Yvelines - Montigny-le-Bretonneux";13535022
"Saint-Quentin-Fallavier";199397
"Saint-Rémy La Vanne";5401
"Saint-Rambert-d'Albon";295993
"Saint-Rambert-en-Bugey";13539
"Saint-Raphaël Valescure";1524979
"Saint-Remy-en-l'Eau";310
"Saint-Roch";66478
"Saint-Romain-de-Popey";20927
"Saint-Romain-le-Puy";41196
"Saint-Rome-de-Cernon";2114
"Saint-Sébastien";4853
"Saint-Sébastien Frêne Rond";24975
"Saint-Sébastien Pas Enchantés";31540
"Saint-Saturnin-lès-Avignon";51276
"Saint-Savinien";16254
"Saint-Saviol";34853
"Saint-Senoux - Pléchâtel";17055
"Saint-Seurin-sur-l'Isle";122300
"Saint-Sever";75
"Saint-Siméon";5400
"Saint-Sulpice";460349
"Saint-Sulpice - Auteuil";149670
"Saint-Sulpice - Izon";51528
"Saint-Sulpice-Laurière";38790
"Saint-Symphorien-de-Marmagne";94
"Saint-Thégonnec";662
"Saint-Vallier sur Rhône";283509
"Saint-Victor";16633
"Saint-Victor - Thizy";21616
"Saint-Victurnien";3231
"Saint-Vincent le Château";6262
"Saint-Vincent-de-Tyrosse";160023
"Saint-Vit";156702
"Saint-Yrieix";26926
"Sainte-Anne";6836
"Sainte-Bazeille";2055
"Sainte-Cécile-d'Andorge";989
"Sainte-Colombe";16285
"Sainte-Colombe Septveilles";124206
"Sainte-Eulalie - Carbon-Blanc";17243
"Sainte-Foy-la-Grande";185551
"Sainte-Gauburge";3818
"Sainte-Geneviève-des-Bois";3882730
"Sainte-Léocadie";33
"Sainte-Lizaigne";1785
"Sainte-Marguerite";11
"Sainte-Marthe en Provence";70551
"Sainte-Maure - Noyant";91676
"Sainte-Menehould";595
"Sainte-Pazanne";168590
"Saintes";458572
"Saléchan - Siradan";325
"Salbris";189823
"Sallanches - Combloux - Megève";328792
"Sallaumines";12325
"Salles-Courbatiès";1872
"Salomé";16219
"Salon";453667
"Salses";14093
"Sannois";3014064
"Sanry-sur-Nied";9065
"Santenay les Bains";5797
"Santes";50670
"Santeuil - Le Perchay";37835
"Sarcelles - Saint-Brice";5381989
"Sarlat";52739
"Sarliève - Cournon";37741
"Sarralbe";4341
"Sarrance";1261
"Sarre-Union";124435
"Sarrebourg";720034
"Sarreguemines";412688
"Sarreinsming";2799
"Sartrouville";10908313
"Sathonay - Rillieux";291161
"Saubusse";6186
"Saujon";55238
"Saulon";12799
"Saulxures";2777
"Saumur";687976
"Sausset-les-Pins";120838
"Sauto";30
"Sauveterre-la-Lémance";943
"Savenay";504540
"Savennières - Béhuard";54834
"Saverdun";171034
"Saverne";1204206
"Savigny-le-Temple - Nandy";3815686
"Savigny-sur-Orge";7668173
"Savonnières";3417
"Savy-Berlette";35025
"Sète";1126028
"Sèvres - Ville-d'Avray";2312463
"Sèvres Rive Gauche";2835770
"Sceaux - Boëssé";9495
"Scherwiller";5330
"Schirmeck - La Broque";316986
"Schopperten";17754
"Schweighouse-sur-Moder";16061
"Schwindratzheim";83536
"Seclin";275290
"Sedan";302136
"Selles-Saint-Denis";14086
"Selles-sur-Cher";26671
"Seltz";44810
"Sennecey-le-Grand";29404
"Senozan";5546
"Sens";1184638
"Sept-Saulx";5836
"Septèmes";107902
"Serdinya";80
"Sermaise";118807
"Sermizelles - Vézelay";8865
"Serqueux";74110
"Serquigny";29418
"Serres";53192
"Servas - Lent";75839
"Servon";95309
"Servoz";12565
"Sessenheim";87386
"Seugy";54005
"Seurre";53388
"Sevenans";0
"Sevran - Livry";5228294
"Sevran Beaudottes";7730936
"Seyssel - Corbonod";66343
"Sierck-les-Bains";2232
"Sierentz";256527
"Sillé-le-Guillaume";122738
"Sillery";406
"Simandre-sur-Suran";14491
"Simiane";286629
"Sin-le-Noble";65261
"Siorac-en-Périgord";6593
"Sisteron";140981
"Soissons";627459
"Solignac - Le Vigen";1900
"Solliès-Pont";136903
"Somain";361123
"Sommery";3868
"Sorgues - Châteauneuf-du-Pape";460049
"Sospel";95405
"Sotteville";18920
"Souillac";111331
"Soulac-sur-Mer";36679
"Soultz-sous-Forêts";191247
"Souppes - Château-Landon";1016665
"Sous le Bois";334
"Stade de France Saint-Denis";10399144
"Staffelfelden";68285
"Stains la Cerisaie";815400
"Steenbecque";895
"Steenwerck";43889
"Steinbourg";67963
"Stephansfeld";43221
"Strasbourg";19423501
"Strasbourg Roethig";57416
"Strazeele";49485
"Suèvres";61
"Sucé-sur-Erdre";214996
"Suippes";1333
"Surdon";36225
"Suresnes Mont Valérien";2552479
"Surgères";355092
"Survilliers - Fosses";7183261
"Sury-le-Comtal";20035
"Tacoignières - Richebourg";175048
"Taconnaz";3699
"Tagolsheim";3817
"Taillebourg";453
"Tain-l'Hermitage - Tournon";469810
"Tantonville";424
"Tanus";1695
"Tarare";532259
"Tarascon";352811
"Tarascon-sur-Ariège";51959
"Tarbes";488357
"Tassin";274695
"Taverny";1502511
"Teillé";5968
"Templeuve";650419
"Tenay - Hauteville";33915
"Tende";34645
"Tergnier";471643
"Terrasson";26198
"Tessonnières";3275
"Teting";1846
"TGV Haute Picardie";377924
"Théoule-sur-Mer";16332
"Thésée";4384
"Thézy-Glimont";13471
"Thann";166508
"Thann Centre";27435
"Thann Saint-Jacques";160541
"Thaon";243683
"Theillay";15054
"Thenissey";5167
"Thenon";10368
"Thiaville";3181
"Thiennes";2154
"Thiers";48847
"Thieux - Nantouillet";21648
"Thionville";2976366
"Thiviers";121352
"Thomery";156934
"Thonon-les-Bains";502491
"Thouaré";26013
"Thouars";49413
"Thourotte";53089
"Thuès Carença";1930
"Thuès les Bains";363
"Thun le Paradis";335010
"Tieffenbach - Struth";60852
"Tiercé";145084
"Tillières-sur-Avre";0
"Tincques";18074
"Tonnay-Charente";13460
"Tonneins";167823
"Tonnerre";137246
"Torfou";9836
"Torpes - Boussières";1492
"Total";2591307045
"Touët-de-l'Escarène";9100
"Toul";257376
"Toulon";5012280
"Toulouse Matabiau";9788574
"Tourcoing";1047658
"Tournan";2003589
"Tournay";18985
"Tournemire - Roquefort";499
"Tournus";264535
"Tours";4633294
"Tourville";1185
"Toury";101372
"Trégonneau - Squiffiec";828
"Trélazé";0
"Trémolat";4473
"Tracy Sancerre";12675
"Traou Nez";203
"Trappes";3761668
"Trentels Ladignac";1057
"Tressin";45
"Tricot";55217
"Trie-Château";18210
"Triel-sur-Seine";563343
"Trilport";1191325
"Trith-Saint-Léger";9166
"Trois Chênes";20775
"Trois-Puits";145
"Tronsanges";5034
"Trouville - Deauville";734776
"Troyes";1017430
"Tulle";152351
"Tullins Fures";349231
"Turckheim";49475
"Turenne";585
"Uchaud";1729
"Uckange";397491
"Ur les Escaldes";81
"Urçay";5286
"Urmatt";130478
"Urt";2325
"Us";136467
"Ussel";54780
"Ustaritz";2770
"Uzerche";77571
"Vélines";49993
"Vénissieux";173273
"Véretz - Montlouis";25284
"Vézelise";10559
"Vaas";9385
"Vaires - Torcy";2053083
"Val d'Argenteuil";5261580
"Val de Fontenay";16922056
"Val-de-Reuil";528127
"Val-de-Vesle";15922
"Valençay";18839
"Valence";1960423
"Valence d'Agen";60391
"Valence TGV Rhône-Alpes Sud";2269552
"Valenciennes";3231057
"Valergues - Lansargues";10225
"Valleiry";36045
"Valleroy - Moineville";6264
"Vallon-en-Sully";32840
"Vallorcine";8225
"Valmondois";853993
"Valognes";244974
"Vandières";6031
"Vannes";1428572
"Vanves - Malakoff";1351400
"Varades - Saint-Florent-le-Vieil";97251
"Varangéville - Saint-Nicolas";292613
"Varennes-sur-Allier";94340
"Varennes-sur-Fouzon";3523
"Varetz";2338
"Varilhes";43362
"Vauboyen";233175
"Vaucelles";577824
"Vaucresson";1620501
"Vaudagne";46
"Vaulry";22
"Vaumoise";886
"Vauvert";2144
"Vaux-sur-Seine";373104
"Vauxaillon";7307
"Vauzelles";1406
"Vayrac";10
"Vayres";23576
"Veauche - Saint-Galmier";96092
"Veigné";16681
"Velars";4195
"Vendôme";61764
"Vendôme - Villiers-sur-Loir";490806
"Vendenheim";101808
"Vendeuvre";38530
"Venerque - Le Vernet";196406
"Verdun";129382
"Vergèze - Codognan";247370
"Vermenton";4917
"Vern";6678
"Vernaison";81077
"Verneuil-l'Étang";567163
"Verneuil-sur-Avre";116280
"Verneuil-sur-Serre";4334
"Verneuil-sur-Vienne";1
"Vernon - Giverny";1840201
"Vernou-sur-Seine";54047
"Vernouillet - Verneuil";2501847
"Verrey";24613
"Versailles Château Rive Gauche";6458982
"Versailles Chantiers";24115694
"Versailles Rive Droite";4965189
"Versigny";4262
"Vert Galant";7512279
"Vertaizon";138216
"Vertou";120464
"Vervins";57549
"Verzeille";356
"Vesoul";326678
"Veuves - Monteaux";7828
"Veynes Dévoluy";169997
"Viaduc sainte-Marie";1055
"Viarmes";259289
"Vias";5704
"Vic - Mireval";16083
"Vic-le-Comte";215732
"Vic-sur-Cère";11801
"Vichy";1258437
"Vidauban";14497
"Vieilleville";2819
"Vielmur-sur-Agout";20719
"Vienne";1600946
"Vierzon";707816
"Vierzon Forges";1530
"Vierzy";260
"Viescamp-sous-Jallès";0
"Vieux-Thann";169322
"Vieux-Thann Zone Industrielle";20815
"Vievola";116
"Vif";6809
"Vigeois";8161
"Vigneux-sur-Seine";5902516
"Vignols - Saint-Solve";373
"Vignory";4116
"Villabé";210619
"Villaines";86404
"Villars-les-Dombes";494339
"Villedieu-les-Poêles";76075
"Villefort";10287
"Villefranche - Vernet-les-Bains";147181
"Villefranche-de-Lauragais";222446
"Villefranche-de-Rouergue";71769
"Villefranche-du-Périgord";3084
"Villefranche-sur-Cher";22414
"Villefranche-sur-Mer";544786
"Villefranche-sur-Saône";2175183
"Villefranque";39
"Villeherviers";10664
"Villenave-d'Ornon";8776
"Villeneuve Triage";1328460
"Villeneuve-la-Comtesse";1548
"Villeneuve-la-Guyard";129087
"Villeneuve-lès-Maguelone";14115
"Villeneuve-le-Roi";1560851
"Villeneuve-Loubet";407826
"Villeneuve-Saint-Georges";14889829
"Villeneuve-sur-Allier";190
"Villeneuve-sur-Yonne";46170
"Villennes-sur-Seine";637400
"Villenouvelle";15655
"Villeparisis - Mitry-le-Neuf";3532804
"Villeperdue";40080
"Villepinte";1789620
"Villepreux - Les Clayes";2029204
"Villereversure";5210
"Villers sur Thère";0
"Villers-Bretonneux";153442
"Villers-Cotterêts";392093
"Villers-les-Pots";6989
"Villers-Saint-Paul";72065
"Villers-Saint-Sépulcre";10205
"Villers-sur-Mer";6948
"Villetaneuse Université";1971000
"Villiers - Neauphle - Pontchartrain";725575
"Villiers Montbarbin";48601
"Villiers-le-Bel - Gonesse - Arnouville";10786438
"Villiers-sur-Marne - Le Plessis-Trévise";7808519
"Vimy";15783
"Vinça";1348
"Vinay";148935
"Vincelles";4222
"Vincey";19685
"Vions - Chanaz";6661
"Vire";77094
"Vireux-Molhain";55266
"Virieu sur Bourbre";15848
"Virieu-le-Grand - Belley";65680
"Viroflay Rive Droite";1318707
"Viroflay Rive Gauche";4339498
"Virville - Manneville";2391
"Viry-Châtillon";1571529
"Viry-Noureuil";278
"Vis à Marles";36864
"Vitré";751693
"Vitrolles Aéroport Marseille Provence";730533
"Vitry-en-Artois";95879
"Vitry-le-François";218668
"Vitry-sur-Seine";4272795
"Vittel";59875
"Viviers-du-Lac";7661
"Viviez - Decazeville";17699
"Vivoin - Beaumont";43322
"Vivonne";37415
"Voiron";1267345
"Voivres";24988
"Volvic";9177
"Vonnas";93489
"Voreppe";280218
"Vorey";24149
"Vosves";32400
"Vougeot - Gilly-lès-Cîteaux";32244
"Voujeaucourt";11010
"Voutenay";62
"Voutré";9061
"Voves";31425
"Voyenne";3713
"Vraincourt";6653
"Vrigne-Meuse";5990
"Vulaines-sur-Seine - Samoreau";48604
"Wacquemoulin";5399
"Walbach";6960
"Walbourg";39016
"Walheim";6420
"Wallers";32283
"Walygator parc";5566
"Wambaix";116
"Wambrechies";1093
"Watten - Éperlecques";101731
"Wattignies - Templemars";61801
"Wavrin";100801
"Wesserling";42005
"Weyersheim";155940
"Wihr-au-Val - Soultzbach";41442
"Willer-sur-Thur";38078
"Wilwisheim";33171
"Wimille - Wimereux";49877
"Wingen-sur-Moder";130778
"Wisches";100372
"Wissembourg";200494
"Wittring";9824
"Woelfling-lès-Sarreguemines";8
"Woincourt";11946
"Woippy";117181
"Xertigny";978
"Xeuilley";3770
"Ychoux";106721
"Yerres";3564392
"Yffiniac";33218
"Ygos";29842
"Ytrac";25
"Yutz";1300
"Yvetot";912499
"Zetting";17152
"Zillisheim";33693
"Zu Rhein";0
